<beans xmlns="http://www.springframework.org/schema/beans"
	xmlns:xsi="http://www.w3.org/2001/XMLSchema-instance" xmlns:mvc="http://www.springframework.org/schema/mvc"
	xmlns:context="http://www.springframework.org/schema/context" xmlns:tx="http://www.springframework.org/schema/tx"
	xsi:schemaLocation="http://www.springframework.org/schema/mvc http://www.springframework.org/schema/mvc/spring-mvc.xsd
        http://www.springframework.org/schema/beans http://www.springframework.org/schema/beans/spring-beans.xsd
        http://www.springframework.org/schema/context http://www.springframework.org/schema/context/spring-context.xsd
        http://www.springframework.org/schema/tx http://www.springframework.org/schema/tx/spring-tx-4.0.xsd">

	<context:component-scan base-package="com.gb.common" />

	<mvc:annotation-driven />
	<tx:annotation-driven />

	<bean name="viewResolver"
		class="org.springframework.web.servlet.view.BeanNameViewResolver" />
	<bean name="jsonTemplate"
		class="org.springframework.web.servlet.view.json.MappingJackson2JsonView" />

	<!-- <bean id="dataSource" class="org.springframework.jdbc.datasource.DriverManagerDataSource"> 
		<property name="driverClassName" value="com.mysql.jdbc.Driver" /> <property 
		name="url" value="jdbc:mysql://localhost:3306/sdf_db" /> <property name="username" 
		value="sdf" /> <property name="password" value="sdf" /> </bean> -->

	<bean id="dataSource" class="com.mchange.v2.c3p0.ComboPooledDataSource"
		destroy-method="close">
		<property name="driverClass" value="com.mysql.jdbc.Driver" />
		<property name="jdbcUrl" value="jdbc:mysql://localhost:3306/sdf_db" />
		<property name="user" value="sdf" />
		<property name="password" value="sdf" />
		<property name="maxPoolSize" value="25" />
		<property name="minPoolSize" value="10" />
		<property name="maxStatements" value="100" />
		<property name="testConnectionOnCheckout" value="true" />
	</bean>

	<bean id="sessionFactory"
		class="org.springframework.orm.hibernate4.LocalSessionFactoryBean">
		<property name="dataSource" ref="dataSource" />
		<property name="hibernateProperties">
			<props>
				<prop key="hibernate.dialect">org.hibernate.dialect.MySQLDialect</prop>
				<prop key="hibernate.show_sql">true</prop>
				<prop key="hibernate.hbm2ddl.auto">update</prop>
			</props>
		</property>
		<property name="packagesToScan">
			<list>
				<value>com.gb.common.entity</value>
				<!-- value></value -->
			</list>
		</property>
	</bean>

	<bean id="transactionManager"
		class="org.springframework.orm.hibernate4.HibernateTransactionManager">
		<property name="sessionFactory" ref="sessionFactory" />
	</bean>

	<!-- Configure bean to convert JSON to POJO and vice versa -->
	<bean id="jsonMessageConverter"
		class="org.springframework.http.converter.json.MappingJackson2HttpMessageConverter">
	</bean>
</beans>



